case,description,periapsis_earth_radii,asymptotic_speed_m_s,young_modulus_pa,marker,size,facecolor,periapsis_m,periapsis_speed_m_s,encounter_time_s,eta,tau_e_squared,xi_self_gravity,lambda_centrifugal,zeta,omega_quadrupole_rad_s,peak_dynamic_displacement_m,peak_quasi_static_displacement_m,dynamic_peak_time_s
Nominal,Nominal Apophis,5.960000000000000e+00,5.954744400000000e+03,1.000000000000000e+07,*,150,#b21f35,3.797116000000000e+07,7.513587443808773e+03,5.053665813297800e+03,1.683318521994269e-07,9.052630420312220e-07,6.205165879326627e-05,4.491663410039743e-01,6.217945403312183e+03,1.230383177880657e+00,8.176171003423148e-07,8.176108090259454e-07,1.387422175501387e+00
P1,close-fast-compliant,3.500000000000000e+00,1.800000000000000e+04,1.000000000000000e+04,s,64,#f2f4f3,2.229850000000000e+07,1.896711659555121e+04,1.175639949681660e+03,8.311912223365483e-04,1.672781276378494e-02,6.205165879326625e-02,9.096463015369095e-02,4.577113434765869e+01,3.893295252517798e-02,4.037581521236479e-03,4.032063466930756e-03,1.879870110872250e-01
P2,close-slow-stiff,3.500000000000000e+00,3.000000000000000e+03,1.000000000000000e+08,D,62,#f2f4f3,2.229850000000000e+07,6.689657087566915e+03,3.333279973564408e+03,8.311912223365483e-08,2.080866620203981e-07,6.205165879326629e-06,9.096463015369095e-02,1.296916238754072e+04,3.890811000094986e+00,4.037245899290074e-07,4.037213992729663e-07,0.000000000000000e+00
P3,wide-slow-compliant,1.000000000000000e+01,3.000000000000000e+03,1.000000000000000e+04,o,64,#f2f4f3,6.371000000000000e+07,4.638214007808608e+03,1.373589055889655e+04,3.563732365767951e-05,1.225389588178923e-04,6.205165879326625e-02,2.121624026908244e+00,5.347787750205600e+02,3.893295252517798e-02,1.728748857040388e-04,1.728747211446563e-04,2.606323766522653e+01
P4,wide-fast-stiff,1.000000000000000e+01,1.800000000000000e+04,1.000000000000000e+08,^,72,#f2f4f3,6.371000000000000e+07,1.834429146034897e+04,3.473015032371713e+03,3.563732365767950e-09,1.916789861406561e-07,6.205165879326629e-06,2.121624026908244e+00,1.351284509144711e+04,3.890811000094986e+00,1.730968717696429e-08,1.730955499382841e-08,-8.116523691891301e-01
