case,stiffness_factor,young_modulus_pa,shear_modulus_pa,elastic_time_s,chi,xi_self_gravity,omega_quadrupole_rad_s,quadrupole_period_s,zeta,peak_dynamic_displacement_m,peak_quasi_static_displacement_m,dynamic_peak_time_s,forcing_peak_time_s,peak_modal_energy_j
nominal,1.000000000000000e+00,1.000000000000000e+07,4.000000000000000e+06,4.808326112068523e+00,9.514531212998473e-04,6.205165879326627e-05,1.230383177880657e+00,5.106689867137499e+00,6.217945403312183e+03,8.176171003423148e-07,8.176108090259454e-07,1.387422175501387e+00,0.000000000000000e+00,3.998686014674257e-03
E_x_0.1,1.000000000000000e-01,1.000000000000000e+06,4.000000000000000e+05,1.520526224699857e+01,3.008758950183983e-03,6.205165879326627e-04,3.890835604428188e-01,1.614867844847685e+01,1.966298287926061e+03,8.176068444598909e-06,8.176014085188827e-06,6.012163853473718e+00,0.000000000000000e+00,3.998631673650746e-02
E_x_0.01,1.000000000000000e-02,1.000000000000000e+05,4.000000000000000e+04,4.808326112068523e+01,9.514531212998473e-03,6.205165879326625e-03,1.230460981355208e-01,5.106366965216076e+01,6.218338596071674e+02,8.175139591573611e-05,8.175074153359781e-05,-8.324536032414887e+00,0.000000000000000e+00,3.998182825154077e-01
E_x_0.001,1.000000000000000e-03,1.000000000000000e+04,4.000000000000000e+03,1.520526224699857e+02,3.008758950183982e-02,6.205165879326625e-02,3.893295252517798e-02,1.613847627691797e+02,1.967541311872382e+02,8.166213512403597e-04,8.165686707640450e-04,-3.237318556626094e+00,0.000000000000000e+00,3.994043071508146e+00
